alpha_2_code,alpha_3_code,numeric_code,language_alpha_2_code,language_alpha_3_code,is_administrative,sorting_order
"AC","ASC","","en","eng","NO",""
"AD","AND","020","ca","cat","YES",""
"AD","AND","020","en","eng","NO",""
"AD","AND","020","fr","fra","NO",""
"AE","ARE","784","ar","ara","YES",""
"AE","ARE","784","en","eng","NO",""
"AE","ARE","784","fr","fra","NO",""
"AF","AFG","004","en","eng","NO",""
"AF","AFG","004","fa","fas","YES",""
"AF","AFG","004","fr","fra","NO",""
"AF","AFG","004","ps","pus","YES",""
"AG","ATG","028","en","eng","YES",""
"AG","ATG","028","fr","fra","NO",""
"AI","AIA","660","en","eng","YES",""
"AI","AIA","660","fr","fra","NO",""
"AI","AFI","","en","eng","NO",""
"AI","AFI","","fr","fra","NO",""
"AL","ALB","008","en","eng","NO",""
"AL","ALB","008","fr","fra","NO",""
"AL","ALB","008","sq","sqi","YES","Albanian sorting order: a-c, ç, d, dh, e, ë, f-g, gj, h-l, ll, m-n, nj, o-r, rr, s, sh, t, th, u-x, xh, y-z, zh"
"AM","ARM","051","en","eng","NO",""
"AM","ARM","051","fr","fra","NO",""
"AM","ARM","051","hy","hye","YES",""
"AN","ANT","530","en","eng","NO",""
"AN","ANT","530","fr","fra","NO",""
"AO","AGO","024","en","eng","NO",""
"AO","AGO","024","fr","fra","NO",""
"AO","AGO","024","pt","por","YES",""
"AP","","","en","eng","NO",""
"AQ","ATA","010","en","eng","NO",""
"AQ","ATA","010","fr","fra","NO",""
"AR","ARG","032","en","eng","NO",""
"AR","ARG","032","fr","fra","NO",""
"AR","ARG","032","es","spa","YES",""
"AS","ASM","016","en","eng","YES",""
"AS","ASM","016","fr","fra","NO",""
"AT","AUT","040","de","deu","YES",""
"AT","AUT","040","en","eng","NO",""
"AT","AUT","040","fr","fra","NO",""
"AU","AUS","036","en","eng","YES",""
"AU","AUS","036","fr","fra","NO",""
"AW","ABW","533","en","eng","NO",""
"AW","ABW","533","fr","fra","NO",""
"AW","ABW","533","nl","nld","YES",""
"AW","ABW","533","","pap","YES",""
"AX","ALA","248","en","eng","NO",""
"AX","ALA","248","fr","fra","NO",""
"AX","ALA","248","sv","swe","YES",""
"AZ","AZE","031","az","aze","YES"," Azeri sorting order:   a-c, ç, d, e, ə, f, g, ğ, h, x, ı, i, j, k, q, l-o, ö, p, r, s, ş, t, u, ü, v, (w), y, z"
"AZ","AZE","031","en","eng","NO",""
"AZ","AZE","031","fr","fra","NO",""
"BA","BIH","070","bs","bos","YES",""
"BA","BIH","070","en","eng","NO",""
"BA","BIH","070","fr","fra","NO",""
"BA","BIH","070","hr","hrv","YES",""
"BA","BIH","070","sr","srp","YES",""
"BB","BRB","052","en","eng","YES",""
"BB","BRB","052","fr","fra","NO",""
"BD","BGD","050","bn","ben","YES",""
"BD","BGD","050","en","eng","NO",""
"BD","BGD","050","fr","fra","NO",""
"BE","BEL","056","de","deu","YES",""
"BE","BEL","056","en","eng","NO",""
"BE","BEL","056","fr","fra","YES",""
"BE","BEL","056","nl","nld","YES",""
"BF","BFA","854","en","eng","NO",""
"BF","BFA","854","fr","fra","YES",""
"BG","BGR","100","bg","bul","YES",""
"BG","BGR","100","en","eng","NO",""
"BG","BGR","100","fr","fra","NO",""
"BH","BHR","048","ar","ara","YES",""
"BH","BHR","048","en","eng","NO",""
"BH","BHR","048","fr","fra","NO",""
"BI","BDI","108","en","eng","NO",""
"BI","BDI","108","fr","fra","YES",""
"BI","BDI","108","rn","run","YES",""
"BJ","BEN","204","en","eng","NO",""
"BJ","BEN","204","fr","fra","YES",""
"BL","BLM","652","en","eng","NO",""
"BL","BLM","652","fr","fra","YES",""
"BM","BMU","060","en","eng","YES",""
"BM","BMU","060","fr","fra","NO",""
"BN","BRN","096","en","eng","YES",""
"BN","BRN","096","fr","fra","NO",""
"BN","BRN","096","ms","msa","YES",""
"BO","BOL","068","en","eng","NO",""
"BO","BOL","068","fr","fra","NO",""
"BO","BOL","068","es","spa","YES","Spanish sorting order: a-n, ñ, o-z"
"BQ","BES","535","en","eng","YES",""
"BQ","BES","535","fr","fra","NO",""
"BQ","BES","535","nl","nld","YES",""
"BQ","BES","535","","pap","YES",""
"BQ","ATB","","en","eng","NO",""
"BQ","ATB","","fr","fra","NO",""
"BR","BRA","076","en","eng","NO",""
"BR","BRA","076","fr","fra","NO",""
"BR","BRA","076","pt","por","YES",""
"BS","BHS","044","en","eng","YES",""
"BS","BHS","044","fr","fra","NO",""
"BT","BTN","064","dz","dzo","YES",""
"BT","BTN","064","en","eng","NO",""
"BT","BTN","064","fr","fra","NO",""
"BU","BUR","104","en","eng","NO",""
"BU","BUR","104","fr","fra","NO",""
"BV","BVT","074","en","eng","NO",""
"BV","BVT","074","fr","fra","NO",""
"BV","BVT","074","nn","nno","YES",""
"BV","BVT","074","nb","nob","YES",""
"BW","BWA","072","en","eng","YES",""
"BW","BWA","072","fr","fra","NO",""
"BX","","","en","eng","NO",""
"BY","BYS","112","en","eng","NO",""
"BY","BYS","112","fr","fra","NO",""
"BY","BLR","112","be","bel","YES",""
"BY","BLR","112","en","eng","NO",""
"BY","BLR","112","fr","fra","NO",""
"BY","BLR","112","ru","rus","YES",""
"BZ","BLZ","084","en","eng","YES",""
"BZ","BLZ","084","fr","fra","NO",""
"CA","CAN","124","en","eng","YES",""
"CA","CAN","124","fr","fra","YES",""
"CC","CCK","166","en","eng","YES",""
"CC","CCK","166","fr","fra","NO",""
"CD","COD","180","en","eng","NO",""
"CD","COD","180","fr","fra","YES",""
"CF","CAF","140","en","eng","NO",""
"CF","CAF","140","fr","fra","YES",""
"CF","CAF","140","sg","sag","YES",""
"CG","COG","178","en","eng","NO",""
"CG","COG","178","fr","fra","YES",""
"CH","CHE","756","de","deu","YES",""
"CH","CHE","756","en","eng","NO",""
"CH","CHE","756","fr","fra","YES",""
"CH","CHE","756","it","ita","YES",""
"CH","CHE","756","rm","roh","YES",""
"CI","CIV","384","en","eng","NO",""
"CI","CIV","384","fr","fra","YES",""
"CK","COK","184","en","eng","YES",""
"CK","COK","184","fr","fra","NO",""
"CL","CHL","152","en","eng","NO",""
"CL","CHL","152","fr","fra","NO",""
"CL","CHL","152","es","spa","YES",""
"CM","CMR","120","en","eng","YES",""
"CM","CMR","120","fr","fra","YES",""
"CN","CHN","156","en","eng","NO",""
"CN","CHN","156","fr","fra","NO",""
"CN","CHN","156","zh","zho","YES",""
"CO","COL","170","en","eng","NO",""
"CO","COL","170","fr","fra","NO",""
"CO","COL","170","es","spa","YES","Spanish sorting order: a- n, ñ, o-z"
"CP","CPT","","en","eng","NO",""
"CR","CRI","188","en","eng","NO",""
"CR","CRI","188","fr","fra","NO",""
"CR","CRI","188","es","spa","YES",""
"CS","CSK","200","en","eng","NO",""
"CS","CSK","200","fr","fra","NO",""
"CS","SCG","891","en","eng","NO",""
"CS","SCG","891","fr","fra","NO",""
"CT","CTE","128","en","eng","NO",""
"CT","CTE","128","fr","fra","NO",""
"CU","CUB","192","en","eng","NO",""
"CU","CUB","192","fr","fra","NO",""
"CU","CUB","192","es","spa","YES",""
"CV","CPV","132","en","eng","NO",""
"CV","CPV","132","fr","fra","NO",""
"CV","CPV","132","pt","por","YES",""
"CW","CUW","531","en","eng","YES",""
"CW","CUW","531","fr","fra","NO",""
"CW","CUW","531","nl","nld","YES",""
"CW","CUW","531","","pap","YES",""
"CX","CXR","162","en","eng","YES",""
"CX","CXR","162","fr","fra","NO",""
"CY","CYP","196","el","ell","YES",""
"CY","CYP","196","en","eng","NO",""
"CY","CYP","196","fr","fra","NO",""
"CY","CYP","196","tr","tur","YES",""
"CZ","CZE","203","cs","ces","YES","Czech sorting order: a (á) b c č d (ď) e (é) (ě) f g h ch i (í) j k l m n (ň) o (ó) p (q) r ř s š t (ť) u (ú) (ů) v (w) (x) y (ý) z ž"
"CZ","CZE","203","en","eng","NO",""
"CZ","CZE","203","fr","fra","NO",""
"DD","DDR","278","en","eng","NO",""
"DD","DDR","278","fr","fra","NO",""
"DE","DEU","276","de","deu","YES",""
"DE","DEU","276","en","eng","NO",""
"DE","DEU","276","fr","fra","NO",""
"DG","DGA","","en","eng","NO",""
"DJ","DJI","262","ar","ara","YES",""
"DJ","DJI","262","en","eng","NO",""
"DJ","DJI","262","fr","fra","YES",""
"DK","DNK","208","da","dan","YES","Danish sorting order:  a-z, æ, ø, å"
"DK","DNK","208","en","eng","NO",""
"DK","DNK","208","fr","fra","NO",""
"DM","DMA","212","en","eng","YES",""
"DM","DMA","212","fr","fra","NO",""
"DO","DOM","214","en","eng","NO",""
"DO","DOM","214","fr","fra","NO",""
"DO","DOM","214","es","spa","YES",""
"DY","","","en","eng","NO",""
"DY","DHY","","en","eng","NO",""
"DY","DHY","","fr","fra","NO",""
"DZ","DZA","012","ar","ara","YES",""
"DZ","DZA","012","en","eng","NO",""
"DZ","DZA","012","fr","fra","NO",""
"EA","","","en","eng","NO",""
"EC","ECU","218","en","eng","NO",""
"EC","ECU","218","fr","fra","NO",""
"EC","ECU","218","es","spa","YES",""
"EE","EST","233","en","eng","NO",""
"EE","EST","233","et","est","YES","Estonian sorting order: a-s, š, z, ž, t-v, õ, ä, ö, ü"
"EE","EST","233","fr","fra","NO",""
"EF","","","en","eng","NO",""
"EG","EGY","818","ar","ara","YES",""
"EG","EGY","818","en","eng","NO",""
"EG","EGY","818","fr","fra","NO",""
"EH","ESH","732","ar","ara","YES",""
"EH","ESH","732","en","eng","NO",""
"EH","ESH","732","fr","fra","NO",""
"EM","","","en","eng","NO",""
"EP","","","en","eng","NO",""
"ER","ERI","232","ar","ara","YES",""
"ER","ERI","232","en","eng","YES",""
"ER","ERI","232","fr","fra","NO",""
"ER","ERI","232","ti","tir","YES",""
"ES","ESP","724","en","eng","NO",""
"ES","ESP","724","fr","fra","NO",""
"ES","ESP","724","es","spa","YES",""
"ET","ETH","231","am","amh","YES",""
"ET","ETH","231","en","eng","NO",""
"ET","ETH","231","fr","fra","NO",""
"EU","","","en","eng","NO",""
"EV","","","en","eng","NO",""
"EW","","","en","eng","NO",""
"FI","FIN","246","en","eng","NO",""
"FI","FIN","246","fi","fin","YES","Finnish sorting order: a – z, å, ä, ö
"
"FI","FIN","246","fr","fra","NO",""
"FI","FIN","246","sv","swe","YES","Swedish sorting order: a – z, å, ä, ö"
"FJ","FJI","242","en","eng","YES",""
"FJ","FJI","242","fj","fij","YES",""
"FJ","FJI","242","fr","fra","NO",""
"FK","FLK","238","en","eng","YES",""
"FK","FLK","238","fr","fra","NO",""
"FL","","","en","eng","NO",""
"FM","FSM","583","en","eng","YES",""
"FM","FSM","583","fr","fra","NO",""
"FO","FRO","234","da","dan","YES",""
"FO","FRO","234","en","eng","NO",""
"FO","FRO","234","fo","fao","YES",""
"FO","FRO","234","fr","fra","NO",""
"FQ","ATF","","en","eng","NO",""
"FQ","ATF","","fr","fra","NO",""
"FR","FRA","250","en","eng","NO",""
"FR","FRA","250","fr","fra","YES",""
"FX","FXX","249","en","eng","NO",""
"FX","FXX","249","fr","fra","NO",""
"GA","GAB","266","en","eng","NO",""
"GA","GAB","266","fr","fra","YES",""
"GB","GBR","826","en","eng","YES",""
"GB","GBR","826","fr","fra","NO",""
"GC","","","en","eng","NO",""
"GD","GRD","308","en","eng","YES",""
"GD","GRD","308","fr","fra","NO",""
"GE","GEO","268","en","eng","NO",""
"GE","GEO","268","fr","fra","NO",""
"GE","GEO","268","ka","kat","YES",""
"GE","GEL","","en","eng","NO",""
"GE","GEL","","fr","fra","NO",""
"GF","GUF","254","en","eng","NO",""
"GF","GUF","254","fr","fra","YES",""
"GG","GGY","831","en","eng","YES",""
"GG","GGY","831","fr","fra","YES",""
"GH","GHA","288","en","eng","YES",""
"GH","GHA","288","fr","fra","NO",""
"GI","GIB","292","en","eng","YES",""
"GI","GIB","292","fr","fra","NO",""
"GL","GRL","304","da","dan","YES",""
"GL","GRL","304","en","eng","NO",""
"GL","GRL","304","fr","fra","NO",""
"GL","GRL","304","kl","kal","YES",""
"GM","GMB","270","en","eng","YES",""
"GM","GMB","270","fr","fra","NO",""
"GN","GIN","324","en","eng","NO",""
"GN","GIN","324","fr","fra","YES",""
"GP","GLP","312","en","eng","NO",""
"GP","GLP","312","fr","fra","YES",""
"GQ","GNQ","226","en","eng","NO",""
"GQ","GNQ","226","fr","fra","YES",""
"GQ","GNQ","226","pt","por","YES",""
"GQ","GNQ","226","es","spa","YES",""
"GR","GRC","300","el","ell","YES",""
"GR","GRC","300","en","eng","NO",""
"GR","GRC","300","fr","fra","NO",""
"GS","SGS","239","en","eng","YES",""
"GS","SGS","239","fr","fra","NO",""
"GT","GTM","320","en","eng","NO",""
"GT","GTM","320","fr","fra","NO",""
"GT","GTM","320","es","spa","YES",""
"GU","GUM","316","en","eng","YES",""
"GU","GUM","316","fr","fra","NO",""
"GW","GNB","624","en","eng","NO",""
"GW","GNB","624","fr","fra","NO",""
"GW","GNB","624","pt","por","YES",""
"GY","GUY","328","en","eng","YES",""
"GY","GUY","328","fr","fra","NO",""
"HK","HKG","344","en","eng","YES",""
"HK","HKG","344","fr","fra","NO",""
"HK","HKG","344","zh","zho","YES",""
"HM","HMD","334","en","eng","YES",""
"HM","HMD","334","fr","fra","NO",""
"HN","HND","340","en","eng","NO",""
"HN","HND","340","fr","fra","NO",""
"HN","HND","340","es","spa","YES","Spanish sorting order: a-n, ñ, o-z"
"HR","HRV","191","en","eng","NO",""
"HR","HRV","191","fr","fra","NO",""
"HR","HRV","191","hr","hrv","YES","Croatian sorting order: a-c, č, ć, d, dž, đ, e-l, lj, m-n, nj, o-s, š, t-z, ž"
"HT","HTI","332","en","eng","NO",""
"HT","HTI","332","fr","fra","YES",""
"HT","HTI","332","ht","hat","YES",""
"HU","HUN","348","en","eng","NO",""
"HU","HUN","348","fr","fra","NO",""
"HU","HUN","348","hu","hun","YES",""
"HV","HVO","854","en","eng","NO",""
"HV","HVO","854","fr","fra","NO",""
"IB","","","en","eng","NO",""
"IC","","","en","eng","NO",""
"ID","IDN","360","en","eng","NO",""
"ID","IDN","360","fr","fra","NO",""
"ID","IDN","360","id","ind","YES",""
"IE","IRL","372","en","eng","YES",""
"IE","IRL","372","fr","fra","NO",""
"IE","IRL","372","ga","gle","YES",""
"IL","ISR","376","ar","ara","YES",""
"IL","ISR","376","en","eng","NO",""
"IL","ISR","376","fr","fra","NO",""
"IL","ISR","376","he","heb","YES",""
"IM","IMN","833","en","eng","YES",""
"IM","IMN","833","fr","fra","NO",""
"IN","IND","356","en","eng","YES",""
"IN","IND","356","fr","fra","NO",""
"IN","IND","356","hi","hin","YES",""
"IO","IOT","086","en","eng","YES",""
"IO","IOT","086","fr","fra","NO",""
"IQ","IRQ","368","ar","ara","YES",""
"IQ","IRQ","368","en","eng","NO",""
"IQ","IRQ","368","fr","fra","NO",""
"IQ","IRQ","368","ku","kur","YES",""
"IR","IRN","364","en","eng","NO",""
"IR","IRN","364","fa","fas","YES",""
"IR","IRN","364","fr","fra","NO",""
"IS","ISL","352","en","eng","NO",""
"IS","ISL","352","fr","fra","NO",""
"IS","ISL","352","is","isl","YES",""
"IT","ITA","380","en","eng","NO",""
"IT","ITA","380","fr","fra","NO",""
"IT","ITA","380","it","ita","YES",""
"JA","","","en","eng","NO",""
"JE","JEY","832","en","eng","YES",""
"JE","JEY","832","fr","fra","YES",""
"JM","JAM","388","en","eng","YES",""
"JM","JAM","388","fr","fra","NO",""
"JO","JOR","400","ar","ara","YES",""
"JO","JOR","400","en","eng","NO",""
"JO","JOR","400","fr","fra","NO",""
"JP","JPN","392","en","eng","NO",""
"JP","JPN","392","fr","fra","NO",""
"JP","JPN","392","ja","jpn","YES",""
"JT","JTN","396","en","eng","NO",""
"JT","JTN","396","fr","fra","NO",""
"KE","KEN","404","en","eng","YES",""
"KE","KEN","404","fr","fra","NO",""
"KE","KEN","404","sw","swa","YES",""
"KG","KGZ","417","en","eng","NO",""
"KG","KGZ","417","fr","fra","NO",""
"KG","KGZ","417","ky","kir","YES",""
"KG","KGZ","417","ru","rus","YES",""
"KH","KHM","116","en","eng","NO",""
"KH","KHM","116","fr","fra","NO",""
"KH","KHM","116","km","khm","YES",""
"KI","KIR","296","en","eng","YES",""
"KI","KIR","296","fr","fra","NO",""
"KI","KIR","296","","gil","YES",""
"KM","COM","174","","002","YES",""
"KM","COM","174","ar","ara","YES",""
"KM","COM","174","en","eng","NO",""
"KM","COM","174","fr","fra","YES",""
"KN","KNA","659","en","eng","YES",""
"KN","KNA","659","fr","fra","NO",""
"KP","PRK","408","en","eng","NO",""
"KP","PRK","408","fr","fra","NO",""
"KP","PRK","408","ko","kor","YES",""
"KR","KOR","410","en","eng","NO",""
"KR","KOR","410","fr","fra","NO",""
"KR","KOR","410","ko","kor","YES",""
"KW","KWT","414","ar","ara","YES",""
"KW","KWT","414","en","eng","NO",""
"KW","KWT","414","fr","fra","NO",""
"KY","CYM","136","en","eng","YES",""
"KY","CYM","136","fr","fra","NO",""
"KZ","KAZ","398","en","eng","NO",""
"KZ","KAZ","398","fr","fra","NO",""
"KZ","KAZ","398","kk","kaz","YES",""
"KZ","KAZ","398","ru","rus","YES",""
"LA","LAO","418","en","eng","NO",""
"LA","LAO","418","fr","fra","NO",""
"LA","LAO","418","lo","lao","YES",""
"LB","LBN","422","ar","ara","YES",""
"LB","LBN","422","en","eng","NO",""
"LB","LBN","422","fr","fra","NO",""
"LC","LCA","662","en","eng","YES",""
"LC","LCA","662","fr","fra","NO",""
"LF","","","en","eng","NO",""
"LI","LIE","438","de","deu","YES",""
"LI","LIE","438","en","eng","NO",""
"LI","LIE","438","fr","fra","NO",""
"LK","LKA","144","en","eng","YES",""
"LK","LKA","144","fr","fra","NO",""
"LK","LKA","144","si","sin","YES",""
"LK","LKA","144","ta","tam","YES",""
"LR","LBR","430","en","eng","YES",""
"LR","LBR","430","fr","fra","NO",""
"LS","LSO","426","en","eng","YES",""
"LS","LSO","426","fr","fra","NO",""
"LS","LSO","426","st","sot","YES",""
"LT","LTU","440","en","eng","NO",""
"LT","LTU","440","fr","fra","NO",""
"LT","LTU","440","lt","lit","YES",""
"LU","LUX","442","de","deu","YES",""
"LU","LUX","442","en","eng","NO",""
"LU","LUX","442","fr","fra","YES",""
"LU","LUX","442","lb","ltz","YES",""
"LV","LVA","428","en","eng","NO",""
"LV","LVA","428","fr","fra","NO",""
"LV","LVA","428","lv","lav","YES","Latvian sorting order: a, ā, b, c, č, ch, d, dz, dž, e, ē, f, g, g̀, h, i, ī, ie, j, k, ķ, l, ļ, m, n, ņ, o, ō, p, r, ŗ, s, š, t, u, ū, v, z, ž"
"LY","LBY","434","ar","ara","YES",""
"LY","LBY","434","en","eng","NO",""
"LY","LBY","434","fr","fra","NO",""
"MA","MAR","504","ar","ara","YES",""
"MA","MAR","504","en","eng","NO",""
"MA","MAR","504","fr","fra","NO",""
"MC","MCO","492","en","eng","NO",""
"MC","MCO","492","fr","fra","YES",""
"MD","MDA","498","en","eng","NO",""
"MD","MDA","498","fr","fra","NO",""
"MD","MDA","498","ro","ron","YES"," Moldovan sorting order: a, â, ă, b-i, î, j-s, ş, t, ţ, u-z"
"ME","MNE","499","","cnr","YES",""
"ME","MNE","499","en","eng","NO",""
"ME","MNE","499","fr","fra","NO",""
"MF","MAF","663","en","eng","NO",""
"MF","MAF","663","fr","fra","YES",""
"MG","MDG","450","en","eng","YES",""
"MG","MDG","450","fr","fra","YES",""
"MG","MDG","450","mg","mlg","YES",""
"MH","MHL","584","en","eng","YES",""
"MH","MHL","584","fr","fra","NO",""
"MH","MHL","584","mh","mah","YES",""
"MI","MID","488","en","eng","NO",""
"MI","MID","488","fr","fra","NO",""
"MK","MKD","807","en","eng","NO",""
"MK","MKD","807","fr","fra","NO",""
"MK","MKD","807","mk","mkd","YES","Macedonian sorting order: a-c, č, d-s, š, t-z, ž"
"ML","MLI","466","en","eng","NO",""
"ML","MLI","466","fr","fra","YES",""
"MM","MMR","104","en","eng","NO",""
"MM","MMR","104","fr","fra","NO",""
"MM","MMR","104","my","mya","YES",""
"MN","MNG","496","en","eng","NO",""
"MN","MNG","496","fr","fra","NO",""
"MN","MNG","496","mn","mon","YES",""
"MO","MAC","446","en","eng","NO",""
"MO","MAC","446","fr","fra","NO",""
"MO","MAC","446","pt","por","YES",""
"MO","MAC","446","zh","zho","YES",""
"MP","MNP","580","en","eng","YES",""
"MP","MNP","580","fr","fra","NO",""
"MQ","MTQ","474","en","eng","NO",""
"MQ","MTQ","474","fr","fra","YES",""
"MR","MRT","478","ar","ara","YES",""
"MR","MRT","478","en","eng","NO",""
"MR","MRT","478","fr","fra","NO",""
"MS","MSR","500","en","eng","YES",""
"MS","MSR","500","fr","fra","NO",""
"MT","MLT","470","en","eng","YES",""
"MT","MLT","470","fr","fra","NO",""
"MT","MLT","470","mt","mlt","YES",""
"MU","MUS","480","en","eng","YES",""
"MU","MUS","480","fr","fra","NO",""
"MV","MDV","462","dv","div","YES",""
"MV","MDV","462","en","eng","NO",""
"MV","MDV","462","fr","fra","NO",""
"MW","MWI","454","en","eng","YES",""
"MW","MWI","454","fr","fra","NO",""
"MW","MWI","454","ny","nya","YES",""
"MX","MEX","484","en","eng","NO",""
"MX","MEX","484","fr","fra","NO",""
"MX","MEX","484","es","spa","YES","Spanish sorting order: a-c, ch, d-l, ll, m-n, ñ, o-z"
"MY","MYS","458","en","eng","NO",""
"MY","MYS","458","fr","fra","NO",""
"MY","MYS","458","ms","msa","YES",""
"MZ","MOZ","508","en","eng","NO",""
"MZ","MOZ","508","fr","fra","NO",""
"MZ","MOZ","508","pt","por","YES",""
"NA","NAM","516","en","eng","YES",""
"NA","NAM","516","fr","fra","NO",""
"NC","NCL","540","en","eng","NO",""
"NC","NCL","540","fr","fra","YES",""
"NE","NER","562","en","eng","NO",""
"NE","NER","562","fr","fra","YES",""
"NF","NFK","574","en","eng","YES",""
"NF","NFK","574","fr","fra","NO",""
"NG","NGA","566","en","eng","YES",""
"NG","NGA","566","fr","fra","NO",""
"NH","NHB","","en","eng","NO",""
"NH","NHB","","fr","fra","NO",""
"NI","NIC","558","en","eng","NO",""
"NI","NIC","558","fr","fra","NO",""
"NI","NIC","558","es","spa","YES",""
"NL","NLD","528","en","eng","NO",""
"NL","NLD","528","fr","fra","NO",""
"NL","NLD","528","nl","nld","YES",""
"NO","NOR","578","en","eng","NO",""
"NO","NOR","578","fr","fra","NO",""
"NO","NOR","578","nn","nno","YES","a-z, æ, ø, å"
"NO","NOR","578","nb","nob","YES","a-z, æ, ø, å"
"NP","NPL","524","en","eng","NO",""
"NP","NPL","524","fr","fra","NO",""
"NP","NPL","524","ne","nep","YES",""
"NQ","ATN","216","en","eng","NO",""
"NQ","ATN","216","fr","fra","NO",""
"NR","NRU","520","en","eng","YES",""
"NR","NRU","520","fr","fra","NO",""
"NR","NRU","520","na","nau","YES",""
"NT","NTZ","536","en","eng","NO",""
"NT","NTZ","536","fr","fra","NO",""
"NU","NIU","570","en","eng","YES",""
"NU","NIU","570","fr","fra","NO",""
"NU","NIU","570","","niu","YES",""
"NZ","NZL","554","en","eng","YES",""
"NZ","NZL","554","fr","fra","NO",""
"NZ","NZL","554","mi","mri","YES",""
"OA","","","en","eng","NO",""
"OM","OMN","512","ar","ara","YES",""
"OM","OMN","512","en","eng","NO",""
"OM","OMN","512","fr","fra","NO",""
"PA","PAN","591","en","eng","NO",""
"PA","PAN","591","fr","fra","NO",""
"PA","PAN","591","es","spa","YES",""
"PC","PCI","582","en","eng","NO",""
"PC","PCI","582","fr","fra","NO",""
"PE","PER","604","ay","aym","YES",""
"PE","PER","604","en","eng","NO",""
"PE","PER","604","fr","fra","NO",""
"PE","PER","604","qu","que","YES",""
"PE","PER","604","es","spa","YES",""
"PF","PYF","258","en","eng","NO",""
"PF","PYF","258","fr","fra","YES",""
"PG","PNG","598","en","eng","YES",""
"PG","PNG","598","fr","fra","NO",""
"PG","PNG","598","ho","hmo","YES",""
"PG","PNG","598","","tpi","YES",""
"PH","PHL","608","en","eng","YES",""
"PH","PHL","608","fr","fra","NO",""
"PH","PHL","608","tl","tgl","YES",""
"PI","","","en","eng","NO",""
"PK","PAK","586","en","eng","YES",""
"PK","PAK","586","fr","fra","NO",""
"PK","PAK","586","ur","urd","YES",""
"PL","POL","616","en","eng","NO",""
"PL","POL","616","fr","fra","NO",""
"PL","POL","616","pl","pol","YES","Polish sorting order: a, ą, b-c, ć, d, e, ę, f-l, ł, m, n, ń, o, ó, p-s, ś, t-z, ź, ż"
"PM","SPM","666","en","eng","NO",""
"PM","SPM","666","fr","fra","YES",""
"PN","PCN","612","en","eng","YES",""
"PN","PCN","612","fr","fra","NO",""
"PR","PRI","630","en","eng","YES",""
"PR","PRI","630","fr","fra","NO",""
"PR","PRI","630","es","spa","YES",""
"PS","PSE","275","ar","ara","YES",""
"PS","PSE","275","en","eng","NO",""
"PS","PSE","275","fr","fra","NO",""
"PT","PRT","620","en","eng","NO",""
"PT","PRT","620","fr","fra","NO",""
"PT","PRT","620","pt","por","YES",""
"PU","PUS","849","en","eng","NO",""
"PU","PUS","849","fr","fra","NO",""
"PW","PLW","585","en","eng","YES",""
"PW","PLW","585","fr","fra","NO",""
"PW","PLW","585","","pau","YES",""
"PY","PRY","600","en","eng","NO",""
"PY","PRY","600","fr","fra","NO",""
"PY","PRY","600","gn","grn","YES",""
"PY","PRY","600","es","spa","YES",""
"PZ","PCZ","","en","eng","NO",""
"PZ","PCZ","","fr","fra","NO",""
"QA","QAT","634","ar","ara","YES",""
"QA","QAT","634","en","eng","NO",""
"QA","QAT","634","fr","fra","NO",""
"RA","","","en","eng","NO",""
"RB","","","en","eng","NO",""
"RC","","","en","eng","NO",""
"RE","REU","638","en","eng","NO",""
"RE","REU","638","fr","fra","YES",""
"RH","","","en","eng","NO",""
"RH","RHO","","en","eng","NO",""
"RH","RHO","","fr","fra","NO",""
"RI","","","en","eng","NO",""
"RL","","","en","eng","NO",""
"RM","","","en","eng","NO",""
"RN","","","en","eng","NO",""
"RO","ROU","642","en","eng","NO",""
"RO","ROU","642","fr","fra","NO",""
"RO","ROU","642","ro","ron","YES","Romanian sorting order: a, â, ă, b-i, î, j-s, ş, t, ţ, u-z"
"RP","","","en","eng","NO",""
"RS","SRB","688","en","eng","NO",""
"RS","SRB","688","fr","fra","NO",""
"RS","SRB","688","sr","srp","YES",""
"RU","RUS","643","en","eng","NO",""
"RU","RUS","643","fr","fra","NO",""
"RU","RUS","643","ru","rus","YES",""
"RW","RWA","646","en","eng","YES",""
"RW","RWA","646","fr","fra","YES",""
"RW","RWA","646","rw","kin","YES",""
"SA","SAU","682","ar","ara","YES",""
"SA","SAU","682","en","eng","NO",""
"SA","SAU","682","fr","fra","NO",""
"SB","SLB","090","en","eng","YES",""
"SB","SLB","090","fr","fra","NO",""
"SC","SYC","690","","crs","YES",""
"SC","SYC","690","en","eng","YES",""
"SC","SYC","690","fr","fra","YES",""
"SD","SDN","729","ar","ara","YES",""
"SD","SDN","729","en","eng","NO",""
"SD","SDN","729","fr","fra","NO",""
"SE","SWE","752","en","eng","NO",""
"SE","SWE","752","fr","fra","NO",""
"SE","SWE","752","sv","swe","YES","Swedish sorting order: a – z, å, ä, ö."
"SF","","","en","eng","NO",""
"SG","SGP","702","en","eng","YES",""
"SG","SGP","702","fr","fra","NO",""
"SG","SGP","702","ms","msa","YES",""
"SG","SGP","702","ta","tam","YES",""
"SG","SGP","702","zh","zho","YES",""
"SH","SHN","654","en","eng","YES",""
"SH","SHN","654","fr","fra","NO",""
"SI","SVN","705","en","eng","NO",""
"SI","SVN","705","fr","fra","NO",""
"SI","SVN","705","sl","slv","YES",""
"SJ","SJM","744","en","eng","NO",""
"SJ","SJM","744","fr","fra","NO",""
"SJ","SJM","744","nn","nno","YES",""
"SJ","SJM","744","nb","nob","YES",""
"SK","SKM","","en","eng","NO",""
"SK","SKM","","fr","fra","NO",""
"SK","SVK","703","en","eng","NO",""
"SK","SVK","703","fr","fra","NO",""
"SK","SVK","703","sk","slk","YES",""
"SL","SLE","694","en","eng","YES",""
"SL","SLE","694","fr","fra","NO",""
"SM","SMR","674","en","eng","NO",""
"SM","SMR","674","fr","fra","NO",""
"SM","SMR","674","it","ita","YES",""
"SN","SEN","686","en","eng","NO",""
"SN","SEN","686","fr","fra","YES",""
"SO","SOM","706","ar","ara","YES",""
"SO","SOM","706","en","eng","NO",""
"SO","SOM","706","fr","fra","NO",""
"SO","SOM","706","so","som","YES",""
"SR","SUR","740","en","eng","NO",""
"SR","SUR","740","fr","fra","NO",""
"SR","SUR","740","nl","nld","YES",""
"SS","SSD","728","en","eng","YES",""
"SS","SSD","728","fr","fra","NO",""
"ST","STP","678","en","eng","NO",""
"ST","STP","678","fr","fra","NO",""
"ST","STP","678","pt","por","YES",""
"SU","SUN","810","en","eng","NO",""
"SU","SUN","810","fr","fra","NO",""
"SV","SLV","222","en","eng","NO",""
"SV","SLV","222","fr","fra","NO",""
"SV","SLV","222","es","spa","YES","Spanish sorting order: a- n, ñ, o-z"
"SX","SXM","534","en","eng","YES",""
"SX","SXM","534","fr","fra","NO",""
"SX","SXM","534","nl","nld","YES",""
"SY","SYR","760","ar","ara","YES",""
"SY","SYR","760","en","eng","NO",""
"SY","SYR","760","fr","fra","NO",""
"SZ","SWZ","748","en","eng","YES",""
"SZ","SWZ","748","fr","fra","NO",""
"SZ","SWZ","748","ss","ssw","YES",""
"TA","TAA","","en","eng","NO",""
"TC","TCA","796","en","eng","YES",""
"TC","TCA","796","fr","fra","NO",""
"TD","TCD","148","ar","ara","YES",""
"TD","TCD","148","en","eng","NO",""
"TD","TCD","148","fr","fra","YES",""
"TF","ATF","260","en","eng","NO",""
"TF","ATF","260","fr","fra","YES",""
"TG","TGO","768","en","eng","NO",""
"TG","TGO","768","fr","fra","YES",""
"TH","THA","764","en","eng","NO",""
"TH","THA","764","fr","fra","NO",""
"TH","THA","764","th","tha","YES",""
"TJ","TJK","762","en","eng","NO",""
"TJ","TJK","762","fr","fra","NO",""
"TJ","TJK","762","tg","tgk","YES",""
"TK","TKL","772","en","eng","YES",""
"TK","TKL","772","fr","fra","NO",""
"TK","TKL","772","","tkl","YES",""
"TL","TLS","626","en","eng","NO",""
"TL","TLS","626","fr","fra","NO",""
"TL","TLS","626","pt","por","YES",""
"TL","TLS","626","","tet","YES",""
"TM","TKM","795","en","eng","NO",""
"TM","TKM","795","fr","fra","NO",""
"TM","TKM","795","tk","tuk","YES",""
"TN","TUN","788","ar","ara","YES",""
"TN","TUN","788","en","eng","NO",""
"TN","TUN","788","fr","fra","NO",""
"TO","TON","776","en","eng","YES",""
"TO","TON","776","fr","fra","NO",""
"TO","TON","776","to","ton","YES",""
"TP","TMP","626","en","eng","NO",""
"TP","TMP","626","fr","fra","NO",""
"TR","TUR","792","en","eng","NO",""
"TR","TUR","792","fr","fra","NO",""
"TR","TUR","792","tr","tur","YES","Turkish sorting order: a-c, ç, d-g, ğ, h, ı, i-o, ö, p-s, ş, t-u, ü, v-z"
"TT","TTO","780","en","eng","YES",""
"TT","TTO","780","fr","fra","NO",""
"TV","TUV","798","en","eng","YES",""
"TV","TUV","798","fr","fra","NO",""
"TV","TUV","798","","tvl","YES",""
"TW","TWN","158","en","eng","NO",""
"TW","TWN","158","fr","fra","NO",""
"TW","TWN","158","zh","zho","YES",""
"TZ","TZA","834","en","eng","YES",""
"TZ","TZA","834","fr","fra","NO",""
"TZ","TZA","834","sw","swa","YES",""
"UA","UKR","804","en","eng","NO",""
"UA","UKR","804","fr","fra","NO",""
"UA","UKR","804","uk","ukr","YES",""
"UG","UGA","800","en","eng","YES",""
"UG","UGA","800","fr","fra","NO",""
"UK","","","en","eng","NO",""
"UM","UMI","581","en","eng","YES",""
"UM","UMI","581","fr","fra","NO",""
"US","USA","840","en","eng","YES",""
"US","USA","840","fr","fra","NO",""
"UY","URY","858","en","eng","NO",""
"UY","URY","858","fr","fra","NO",""
"UY","URY","858","es","spa","YES",""
"UZ","UZB","860","en","eng","NO",""
"UZ","UZB","860","fr","fra","NO",""
"UZ","UZB","860","uz","uzb","YES",""
"VA","VAT","336","en","eng","NO",""
"VA","VAT","336","fr","fra","NO",""
"VA","VAT","336","it","ita","YES",""
"VA","VAT","336","la","lat","YES",""
"VC","VCT","670","en","eng","YES",""
"VC","VCT","670","fr","fra","NO",""
"VD","VDR","","en","eng","NO",""
"VD","VDR","","fr","fra","NO",""
"VE","VEN","862","en","eng","NO",""
"VE","VEN","862","fr","fra","NO",""
"VE","VEN","862","es","spa","YES",""
"VG","VGB","092","en","eng","YES",""
"VG","VGB","092","fr","fra","NO",""
"VI","VIR","850","en","eng","YES",""
"VI","VIR","850","fr","fra","NO",""
"VN","VNM","704","en","eng","NO",""
"VN","VNM","704","fr","fra","NO",""
"VN","VNM","704","vi","vie","YES",""
"VU","VUT","548","bi","bis","YES",""
"VU","VUT","548","en","eng","YES",""
"VU","VUT","548","fr","fra","YES",""
"WF","WLF","876","en","eng","NO",""
"WF","WLF","876","fr","fra","YES",""
"WG","","","en","eng","NO",""
"WK","WAK","872","en","eng","NO",""
"WK","WAK","872","fr","fra","NO",""
"WL","","","en","eng","NO",""
"WO","","","en","eng","NO",""
"WS","WSM","882","en","eng","YES",""
"WS","WSM","882","fr","fra","NO",""
"WS","WSM","882","sm","smo","YES",""
"WV","","","en","eng","NO",""
"YD","YMD","720","en","eng","NO",""
"YD","YMD","720","fr","fra","NO",""
"YE","YEM","887","ar","ara","YES",""
"YE","YEM","887","en","eng","NO",""
"YE","YEM","887","fr","fra","NO",""
"YT","MYT","175","en","eng","NO",""
"YT","MYT","175","fr","fra","YES",""
"YU","YUG","891","en","eng","NO",""
"YU","YUG","891","fr","fra","NO",""
"YV","","","en","eng","NO",""
"ZA","ZAF","710","af","afr","YES",""
"ZA","ZAF","710","en","eng","YES",""
"ZA","ZAF","710","fr","fra","NO",""
"ZA","ZAF","710","nr","nbl","YES",""
"ZA","ZAF","710","","nso","YES",""
"ZA","ZAF","710","st","sot","YES",""
"ZA","ZAF","710","ss","ssw","YES",""
"ZA","ZAF","710","tn","tsn","YES",""
"ZA","ZAF","710","ts","tso","YES",""
"ZA","ZAF","710","ve","ven","YES",""
"ZA","ZAF","710","xh","xho","YES",""
"ZA","ZAF","710","zu","zul","YES",""
"ZM","ZMB","894","en","eng","YES",""
"ZM","ZMB","894","fr","fra","NO",""
"ZR","ZAR","180","en","eng","NO",""
"ZR","ZAR","180","fr","fra","NO",""
"ZW","ZWE","716","en","eng","YES",""
"ZW","ZWE","716","fr","fra","NO",""
